P_MW,t_on,t_off,p,O2,HMDSO,Parameter_ID
500.0,3.0,30.0,5.0,100.0,2.0,325
900.0,3.0,30.0,5.0,100.0,2.0,326
500.0,9.0,30.0,5.0,100.0,2.0,327
900.0,9.0,30.0,5.0,100.0,2.0,328
500.0,3.0,90.0,5.0,100.0,2.0,329
900.0,3.0,90.0,5.0,100.0,2.0,330
500.0,9.0,90.0,5.0,100.0,2.0,331
900.0,9.0,90.0,5.0,100.0,2.0,332
500.0,3.0,30.0,45.0,100.0,2.0,333
900.0,3.0,30.0,45.0,100.0,2.0,334
500.0,9.0,30.0,45.0,100.0,2.0,335
900.0,9.0,30.0,45.0,100.0,2.0,336
500.0,3.0,90.0,45.0,100.0,2.0,337
900.0,3.0,90.0,45.0,100.0,2.0,338
500.0,9.0,90.0,45.0,100.0,2.0,339
900.0,9.0,90.0,45.0,100.0,2.0,340
500.0,3.0,30.0,5.0,400.0,2.0,341
900.0,3.0,30.0,5.0,400.0,2.0,342
500.0,9.0,30.0,5.0,400.0,2.0,343
900.0,9.0,30.0,5.0,400.0,2.0,344
500.0,3.0,90.0,5.0,400.0,2.0,345
900.0,3.0,90.0,5.0,400.0,2.0,346
500.0,9.0,90.0,5.0,400.0,2.0,347
900.0,9.0,90.0,5.0,400.0,2.0,348
500.0,3.0,30.0,45.0,400.0,2.0,349
900.0,3.0,30.0,45.0,400.0,2.0,350
500.0,9.0,30.0,45.0,400.0,2.0,351
900.0,9.0,30.0,45.0,400.0,2.0,352
500.0,3.0,90.0,45.0,400.0,2.0,353
900.0,3.0,90.0,45.0,400.0,2.0,354
500.0,9.0,90.0,45.0,400.0,2.0,355
900.0,9.0,90.0,45.0,400.0,2.0,356
500.0,3.0,30.0,5.0,100.0,20.0,357
900.0,3.0,30.0,5.0,100.0,20.0,358
500.0,9.0,30.0,5.0,100.0,20.0,359
900.0,9.0,30.0,5.0,100.0,20.0,360
500.0,3.0,90.0,5.0,100.0,20.0,361
900.0,3.0,90.0,5.0,100.0,20.0,362
500.0,9.0,90.0,5.0,100.0,20.0,363
900.0,9.0,90.0,5.0,100.0,20.0,364
500.0,3.0,30.0,45.0,100.0,20.0,365
900.0,3.0,30.0,45.0,100.0,20.0,366
500.0,9.0,30.0,45.0,100.0,20.0,367
900.0,9.0,30.0,45.0,100.0,20.0,368
500.0,3.0,90.0,45.0,100.0,20.0,369
900.0,3.0,90.0,45.0,100.0,20.0,370
500.0,9.0,90.0,45.0,100.0,20.0,371
900.0,9.0,90.0,45.0,100.0,20.0,372
500.0,3.0,30.0,5.0,400.0,20.0,373
900.0,3.0,30.0,5.0,400.0,20.0,374
500.0,9.0,30.0,5.0,400.0,20.0,375
900.0,9.0,30.0,5.0,400.0,20.0,376
500.0,3.0,90.0,5.0,400.0,20.0,377
900.0,3.0,90.0,5.0,400.0,20.0,378
500.0,9.0,90.0,5.0,400.0,20.0,379
900.0,9.0,90.0,5.0,400.0,20.0,380
500.0,3.0,30.0,45.0,400.0,20.0,381
900.0,3.0,30.0,45.0,400.0,20.0,382
500.0,9.0,30.0,45.0,400.0,20.0,383
900.0,9.0,30.0,45.0,400.0,20.0,384
500.0,3.0,90.0,45.0,400.0,20.0,385
900.0,3.0,90.0,45.0,400.0,20.0,386
500.0,9.0,90.0,45.0,400.0,20.0,387
900.0,9.0,90.0,45.0,400.0,20.0,388
